algo,case,topology_mode,outage_k,return_mean,return_std,v_viol_lin_mean,p_loss_mean,n_components_mean
fedgrid_none,141,static,6,-3.0824495582733467,0.04263231032956307,0.0,0.0802721239133684,1.0
fedgrid_topo_proto,141,static,6,-3.2283177516675274,0.04199558425064642,0.0,0.0840707747830085,1.0
fedgrid_none,141,random_reset,6,-3.1032988398323376,0.057418459277342765,0.0,0.08081507395396711,1.0
fedgrid_topo_proto,141,random_reset,6,-3.2488654131728025,0.057344593934178,0.0,0.08460587013470841,1.0
