algo,case,topology_mode,outage_k,return_mean,return_std,v_viol_lin_mean,p_loss_mean,n_components_mean
fedgrid_none,141,static,6,-3.1997456903691104,0.06043025573667118,0.0,0.08332671068669557,1.0
fedgrid_v4_cluster_nodistill,141,static,6,-3.3587289875458213,0.050427625372720525,0.0,0.08746690071733908,1.0
fedgrid_none,141,random_reset,6,-3.2196921391875906,0.08107301124409245,0.0,0.08384614945801017,1.0
fedgrid_v4_cluster_nodistill,141,random_reset,6,-3.3806388593294985,0.0715772500920563,0.0,0.088037470295039,1.0
