algo,case,topology_mode,outage_k,return_mean,return_std,v_viol_lin_mean,p_loss_mean,n_components_mean
fedgrid_none,141,static,6,-3.1403449321385226,0.04805617123433935,0.0,0.08177981594110736,1.0
fedgrid_v4_cluster_nodistill,141,static,6,-3.1684368574542434,0.04671572825602703,0.0,0.08251137649620424,1.0
fedgrid_none,141,random_reset,6,-3.162399253795728,0.06924577729539062,0.0,0.08235414723426375,1.0
fedgrid_v4_cluster_nodistill,141,random_reset,6,-3.1894268064729725,0.06562159975824085,0.0,0.08305798975190032,1.0
