algo,case,topology_mode,outage_k,return_mean,return_std,v_viol_lin_mean,p_loss_mean,n_components_mean
fedgrid_none,141,static,6,-3.148046001860324,0.04151957027555879,0.0,0.08198036463177924,1.0
fedgrid_v4_cluster_distill,141,static,6,-3.101540875181397,0.04597509831114339,0.0,0.08076929362451554,1.0
fedgrid_none,141,random_reset,6,-3.1668907099951715,0.05818967648000158,0.0,0.08247111223945756,1.0
fedgrid_v4_cluster_distill,141,random_reset,6,-3.1219796340639134,0.06566831075867835,0.0,0.08130155297041443,1.0
