algo,case,topology_mode,outage_k,return_mean,return_std,v_viol_lin_mean,p_loss_mean,n_components_mean
fedgrid_none,141,static,6,-3.1997456903691104,0.06043025573667118,0.0,0.08332671068669557,1.0
fedgrid_topo_proto,141,static,6,-3.1054610246399035,0.03999455037096237,0.0,0.0808713808499975,1.0
fedgrid_none,141,random_reset,6,-3.2196921391875906,0.08107301124409245,0.0,0.08384614945801017,1.0
fedgrid_topo_proto,141,random_reset,6,-3.122930943855812,0.04352048930502742,0.0,0.08132632666291174,1.0
