algo,case,topology_mode,outage_k,return_mean,return_std,v_viol_lin_mean,p_loss_mean,n_components_mean
fedgrid_none,141,static,6,-3.1403449321385226,0.04805617123433935,0.0,0.08177981594110736,1.0
fedgrid_v4_cluster_distill,141,static,6,-3.1832479111645995,0.0415531993029113,0.0,0.08289708101991143,1.0
fedgrid_none,141,random_reset,6,-3.162399253795728,0.06924577729539062,0.0,0.08235414723426375,1.0
fedgrid_v4_cluster_distill,141,random_reset,6,-3.2021032828113136,0.05769671669499613,0.0,0.08338810632321134,1.0
