algo,case,topology_mode,outage_k,return_mean,return_std,v_viol_lin_mean,p_loss_mean,n_components_mean
fedgrid_none,141,static,6,-3.153927909096784,0.053322257391589335,0.0,0.08213353929939543,1.0
fedgrid_v4_cluster_gentle,141,static,6,-3.209662426338215,0.046213562238753156,0.0,0.08358495901922439,1.0
fedgrid_none,141,random_reset,6,-3.1751341748960553,0.07574883173071466,0.0,0.08268578580458476,1.0
fedgrid_v4_cluster_gentle,141,random_reset,6,-3.231796226793776,0.06490432956209298,0.0,0.08416136007275458,1.0
