algo,case,topology_mode,outage_k,return_mean,return_std,v_viol_lin_mean,p_loss_mean,n_components_mean
fedgrid_none,141,static,6,-3.1997456903691104,0.06043025573667118,0.0,0.08332671068669557,1.0
fedgrid_v4_cluster_distill,141,static,6,-3.3554561272986403,0.05128124512245682,0.0,0.0873816699817354,1.0
fedgrid_none,141,random_reset,6,-3.2196921391875906,0.08107301124409245,0.0,0.08384614945801017,1.0
fedgrid_v4_cluster_distill,141,random_reset,6,-3.3779139655748445,0.07203991713553165,0.0,0.08796650952017823,1.0
