algo,case,topology_mode,outage_k,return_mean,return_std,v_viol_lin_mean,p_loss_mean,n_components_mean
fedgrid_none,141,static,6,-3.2324533875785297,0.04511129273073035,0.0,0.08417847363485756,1.0
fedgrid_v4_cluster_distill,141,static,6,-3.3302342932141187,0.051799651537001716,0.0,0.08672485138578434,1.0
fedgrid_none,141,random_reset,6,-3.2548600694997267,0.06249169592228875,0.0,0.08476198097655539,1.0
fedgrid_v4_cluster_distill,141,random_reset,6,-3.3511125694290818,0.07248464774549432,0.0,0.087268556495549,1.0
