algo,case,topology_mode,outage_k,return_mean,return_std,v_viol_lin_mean,p_loss_mean,n_components_mean
fedgrid_none,141,static,6,-3.2330494676524424,0.042590953699398276,0.0,0.08419399655344903,1.0
fedgrid_topo_proto,141,static,6,-3.2871269371675367,0.04470488059512974,0.0,0.08560226398873794,1.0
fedgrid_none,141,random_reset,6,-3.252669929791602,0.06208444862151726,0.0,0.08470494608832298,1.0
fedgrid_topo_proto,141,random_reset,6,-3.3071118400673734,0.06183023238188706,0.0,0.08612270416842119,1.0
