algo,case,topology_mode,outage_k,return_mean,return_std,v_viol_lin_mean,p_loss_mean,n_components_mean
fedgrid_none,141,static,6,-3.156962106430779,0.05116157376552616,0.0,0.08221255485496817,1.0
fedgrid_v4_cluster_distill,141,static,6,-3.383739149642197,0.05167731227209228,0.0,0.08811820702193222,1.0
fedgrid_none,141,random_reset,6,-3.1792013609398446,0.0719097931834705,0.0,0.08279170210780842,1.0
fedgrid_v4_cluster_distill,141,random_reset,6,-3.4057126703138296,0.07256100898835138,0.0,0.08869043412275594,1.0
