algo,case,topology_mode,outage_k,return_mean,return_std,v_viol_lin_mean,p_loss_mean,n_components_mean
fedgrid_none,141,static,6,-3.148046001860324,0.04151957027555879,0.0,0.08198036463177924,1.0
fedgrid_topo_proto,141,static,6,-3.132274874285947,0.049075610473986946,0.0,0.0815696581845299,1.0
fedgrid_none,141,random_reset,6,-3.1668907099951715,0.05818967648000158,0.0,0.08247111223945756,1.0
fedgrid_topo_proto,141,random_reset,6,-3.1547772331491633,0.06928158169927519,0.0,0.08215565711325944,1.0
