algo,case,topology_mode,outage_k,return_mean,return_std,v_viol_lin_mean,p_loss_mean,n_components_mean
fedgrid_none,141,static,6,-3.2330494676524424,0.042590953699398276,0.0,0.08419399655344903,1.0
fedgrid_v4_cluster_nodistill,141,static,6,-3.2250197547268753,0.04460611711668355,0.0,0.08398488944601236,1.0
fedgrid_none,141,random_reset,6,-3.252669929791602,0.06208444862151726,0.0,0.08470494608832298,1.0
fedgrid_v4_cluster_nodistill,141,random_reset,6,-3.245001042587745,0.06275886563930125,0.0,0.08450523548405584,1.0
