algo,case,topology_mode,outage_k,return_mean,return_std,v_viol_lin_mean,p_loss_mean,n_components_mean
fedgrid_none,141,static,6,-3.296195640990603,0.052214223083764284,0.0,0.08583842815079695,1.0
fedgrid_v4_cluster_distill,141,static,6,-3.182725522292963,0.05032786944807444,0.0,0.08288347714304592,1.0
fedgrid_none,141,random_reset,6,-3.3175085377856184,0.07275055904141949,0.0,0.0863934515048338,1.0
fedgrid_v4_cluster_distill,141,random_reset,6,-3.204033265972195,0.07158941108869528,0.0,0.08343836630135923,1.0
