algo,case,topology_mode,outage_k,return_mean,return_std,v_viol_lin_mean,p_loss_mean,n_components_mean
fedgrid_none,141,static,6,-3.2330494676524424,0.042590953699398276,0.0,0.08419399655344903,1.0
fedgrid_v4_cluster_distill,141,static,6,-3.330191146863867,0.04661149056641203,0.0,0.0867237277829132,1.0
fedgrid_none,141,random_reset,6,-3.252669929791602,0.06208444862151726,0.0,0.08470494608832298,1.0
fedgrid_v4_cluster_distill,141,random_reset,6,-3.352138217269701,0.0652493140657029,0.0,0.08729526607473179,1.0
