algo,case,topology_mode,outage_k,return_mean,return_std,v_viol_lin_mean,p_loss_mean,n_components_mean
fedgrid_none,141,static,6,-3.079559452376553,0.05033265968161874,0.0,0.08019686073897274,1.0
fedgrid_topo_proto,141,static,6,-3.348915944039253,0.04672623923071246,0.0,0.08721135270935552,1.0
fedgrid_none,141,random_reset,6,-3.1033520800145515,0.07143153175793883,0.0,0.08081646041704563,1.0
fedgrid_topo_proto,141,random_reset,6,-3.3705951342491125,0.06610507386809093,0.0,0.08777591495440396,1.0
