algo,case,topology_mode,outage_k,return_mean,return_std,v_viol_lin_mean,p_loss_mean,n_components_mean
fedgrid_none,141,static,6,-3.159784887852353,0.045426813994115516,0.0,0.08228606478782167,1.0
fedgrid_topo_proto,141,static,6,-4.762011763806218,0.06346203527025279,0.0,0.12401072301578689,1.0
fedgrid_none,141,random_reset,6,-3.181846082357435,0.06151680576499157,0.0,0.08286057506139155,1.0
fedgrid_topo_proto,141,random_reset,6,-4.789926865527709,0.08892854045629275,0.0,0.1247376787897841,1.0
