algo,case,topology_mode,outage_k,return_mean,return_std,v_viol_lin_mean,p_loss_mean,n_components_mean
fedgrid_none,141,static,6,-3.202325534620473,0.04649668293039191,0.0,0.08339389413074148,1.0
fedgrid_topo_proto,141,static,6,-3.2663106103214608,0.04510575502517918,0.0,0.08506017214378804,1.0
fedgrid_none,141,random_reset,6,-3.2233683829982085,0.06575526787949236,0.0,0.08394188497391168,1.0
fedgrid_topo_proto,141,random_reset,6,-3.2874454496080054,0.06395384867588806,0.0,0.08561055858354179,1.0
