algo,case,topology_mode,outage_k,return_mean,return_std,v_viol_lin_mean,p_loss_mean,n_components_mean
fedgrid_none,141,static,6,-3.153927909096784,0.053322257391589335,0.0,0.08213353929939543,1.0
fedgrid_topo_proto,141,static,6,-3.065017694162706,0.06590943376337484,0.0,0.07981816911882048,1.0
fedgrid_none,141,random_reset,6,-3.1751341748960553,0.07574883173071466,0.0,0.08268578580458476,1.0
fedgrid_topo_proto,141,random_reset,6,-3.0911547472830647,0.09135649795161324,0.0,0.0804988215438298,1.0
