algo,case,topology_mode,outage_k,return_mean,return_std,v_viol_lin_mean,p_loss_mean,n_components_mean
fedgrid_none,141,static,6,-3.313697070966729,0.03946290107612337,0.0,0.08629419455642522,1.0
fedgrid_topo_proto,141,static,6,-3.32627705614322,0.04492153982082211,0.0,0.08662179833706302,1.0
fedgrid_none,141,random_reset,6,-3.3307954714462236,0.05555171190143442,0.0,0.08673946540224539,1.0
fedgrid_topo_proto,141,random_reset,6,-3.346503197827841,0.0635624217263838,0.0,0.08714852077676669,1.0
