algo,case,topology_mode,outage_k,return_mean,return_std,v_viol_lin_mean,p_loss_mean,n_components_mean
fedgrid_none,141,static,6,-3.2330494676524424,0.042590953699398276,0.0,0.08419399655344903,1.0
fedgrid_v4_cluster_gentle,141,static,6,-3.285589330560407,0.042958355494989824,0.0,0.08556222215001061,1.0
fedgrid_none,141,random_reset,6,-3.252669929791602,0.06208444862151726,0.0,0.08470494608832298,1.0
fedgrid_v4_cluster_gentle,141,random_reset,6,-3.305402004885715,0.06136778766433971,0.0,0.0860781772105655,1.0
