algo,case,topology_mode,outage_k,return_mean,return_std,v_viol_lin_mean,p_loss_mean,n_components_mean
fedgrid_none,141,static,6,-3.0141966860298983,0.05333904650889929,0.0,0.07849470536536195,1.0
fedgrid_v4_cluster_distill,141,static,6,-3.2544171455686643,0.04585690267076508,0.0,0.08475044649918398,1.0
fedgrid_none,141,random_reset,6,-3.0386429886525477,0.07550382881252952,0.0,0.07913132782949342,1.0
fedgrid_v4_cluster_distill,141,random_reset,6,-3.2754413468542145,0.06474277182600488,0.0,0.08529795174099516,1.0
