algo,case,topology_mode,outage_k,return_mean,return_std,v_viol_lin_mean,p_loss_mean,n_components_mean
fedgrid_none,141,static,6,-3.2323532200682927,0.04306338650828133,0.0,0.08417586510594513,1.0
fedgrid_topo_proto,141,static,6,-3.140166106533826,0.04943371906728694,0.0,0.08177515902431835,1.0
fedgrid_none,141,random_reset,6,-3.2536519918618105,0.060284080619823426,0.0,0.08473052062140132,1.0
fedgrid_topo_proto,141,random_reset,6,-3.161246759870731,0.06897624083555766,0.0,0.0823241343716336,1.0
