algo,case,topology_mode,outage_k,return_mean,return_std,v_viol_lin_mean,p_loss_mean,n_components_mean
fedgrid_none,141,static,6,-3.3018462160290136,0.05265331668598647,0.0,0.08598557854242223,1.0
fedgrid_topo_proto,141,static,6,-3.0493173710976667,0.04553347482211226,0.0,0.07940930653900176,1.0
fedgrid_none,141,random_reset,6,-3.325422032115923,0.07161999806195839,0.0,0.08659953208635215,1.0
fedgrid_topo_proto,141,random_reset,6,-3.0712308430995887,0.06362707594042553,0.0,0.07997996987238513,1.0
