case,outage_k,outage_policy,outage_radius,topology_mode,rank,compare_label,return_delta,return_ci95_lo,return_ci95_hi,vviol_delta,ploss_delta,paper_score
141,6,,,random_reset,1,fedgrid_topo_proto,0.12160900511263502,-0.015707726381617503,0.20836852591816948,0.0,-0.0031669011748081976,2.499149767989314
141,6,,,random_reset,2,fedgrid_v4_cluster_distill,-0.054705993558292476,-0.13550062968883494,0.07490258080674952,0.0,0.0014246352489138718,-1.136646679926513
141,6,,,static,1,fedgrid_topo_proto,0.12237651859002578,-0.01257998517649117,0.207819432767685,0.0,-0.0031868885049485866,2.5307590154523827
141,6,,,static,2,fedgrid_v4_cluster_distill,-0.05121635967899815,-0.13497930422165294,0.0808496840563121,0.0,0.0013337593666405822,-1.0738629352850408
