method,case,outage_k,outage_policy,outage_radius,rr_return_delta,rr_return_ci95,rr_vviol_delta,rr_ploss_delta,rr_return_better_seeds,rr_paper_score,st_return_delta,st_return_ci95,st_vviol_delta,st_ploss_delta,st_return_better_seeds,st_paper_score
fedgrid_topo_proto,141,6,,,0.12160900511263502,"[-0.016, 0.208]",0.0,-0.0031669011748081976,2,2.499149767989314,0.12237651859002578,"[-0.013, 0.208]",0.0,-0.0031868885049485866,2,2.5307590154523827
fedgrid_v4_cluster_distill,141,6,,,-0.054705993558292476,"[-0.136, 0.075]",0.0,0.0014246352489138718,1,-1.136646679926513,-0.05121635967899815,"[-0.135, 0.081]",0.0,0.0013337593666405822,1,-1.0738629352850408
