algo,case,topology_mode,outage_k,return_mean,return_std,v_viol_lin_mean,p_loss_mean,n_components_mean
fedgrid_none,141,static,6,-3.202325534620473,0.04649668293039191,0.0,0.08339389413074148,1.0
fedgrid_v4_cluster_distill,141,static,6,-3.40957030442267,0.04344162417105365,0.0,0.08879089334434037,1.0
fedgrid_none,141,random_reset,6,-3.2233683829982085,0.06575526787949236,0.0,0.08394188497391168,1.0
fedgrid_v4_cluster_distill,141,random_reset,6,-3.430732758047429,0.05982094856057233,0.0,0.08934199890748515,1.0
