algo,case,topology_mode,outage_k,return_mean,return_std,v_viol_lin_mean,p_loss_mean,n_components_mean
fedgrid_none,141,static,6,-3.1403449321385226,0.04805617123433935,0.0,0.08177981594110736,1.0
fedgrid_v4_cluster_gentle,141,static,6,-3.4004499498725402,0.05208219354532624,0.0,0.08855338411126407,1.0
fedgrid_none,141,random_reset,6,-3.162399253795728,0.06924577729539062,0.0,0.08235414723426375,1.0
fedgrid_v4_cluster_gentle,141,random_reset,6,-3.4239919391936438,0.07339919216825078,0.0,0.08916645674983448,1.0
