algo,case,topology_mode,outage_k,return_mean,return_std,v_viol_lin_mean,p_loss_mean,n_components_mean
fedgrid_none,141,static,6,-3.217539181050691,0.04916843849053438,0.0,0.08379008283986172,1.0
fedgrid_v4_cluster_distill,141,static,6,-3.352518485272344,0.05189340141166991,0.0,0.08730516888730062,1.0
fedgrid_none,141,random_reset,6,-3.239994531602074,0.07118744327914812,0.0,0.084374857593804,1.0
fedgrid_v4_cluster_distill,141,random_reset,6,-3.375495161290909,0.07286722476521793,0.0,0.08790351982528409,1.0
