algo,case,topology_mode,outage_k,return_mean,return_std,v_viol_lin_mean,p_loss_mean,n_components_mean
fedgrid_none,141,static,6,-3.158570153109941,0.045616458831849095,0.0,0.08225443107057137,1.0
fedgrid_topo_proto,141,static,6,-3.0906591761807065,0.045833803808304985,0.0,0.08048591604637256,1.0
fedgrid_none,141,random_reset,6,-3.1805961148803137,0.06496347186184037,0.0,0.08282802382500817,1.0
fedgrid_topo_proto,141,random_reset,6,-3.112665778552781,0.0646824921609008,0.0,0.08105900464981201,1.0
