algo,case,topology_mode,outage_k,return_mean,return_std,v_viol_lin_mean,p_loss_mean,n_components_mean
fedgrid_none,141,static,6,-3.153927909096784,0.053322257391589335,0.0,0.08213353929939543,1.0
fedgrid_v4_cluster_nodistill,141,static,6,-3.2583272372205867,0.04614130716345288,0.0,0.08485227180261945,1.0
fedgrid_none,141,random_reset,6,-3.1751341748960553,0.07574883173071466,0.0,0.08268578580458476,1.0
fedgrid_v4_cluster_nodistill,141,random_reset,6,-3.2801384185493587,0.06537751942483386,0.0,0.08542027131638953,1.0
