algo,case,topology_mode,outage_k,return_mean,return_std,v_viol_lin_mean,p_loss_mean,n_components_mean
fedgrid_none,141,static,6,-3.1403449321385226,0.04805617123433935,0.0,0.08177981594110736,1.0
fedgrid_topo_proto,141,static,6,-2.9503256422599438,0.04199822023972111,0.0,0.0768313969338527,1.0
fedgrid_none,141,random_reset,6,-3.162399253795728,0.06924577729539062,0.0,0.08235414723426375,1.0
fedgrid_topo_proto,141,random_reset,6,-2.970397096535962,0.056610746990879424,0.0,0.07735409105562402,1.0
