algo,case,topology_mode,outage_k,return_mean,return_std,v_viol_lin_mean,p_loss_mean,n_components_mean
fedgrid_none,141,static,6,-3.2795711937263476,0.046296195850473135,0.0,0.08540549983662364,1.0
fedgrid_topo_proto,141,static,6,-3.233742532317879,0.045917341879776974,0.0,0.08421204511244476,1.0
fedgrid_none,141,random_reset,6,-3.3012821803841055,0.06514916353794954,0.0,0.08597089011416942,1.0
fedgrid_topo_proto,141,random_reset,6,-3.2539023802804876,0.06436040393568458,0.0,0.08473704115313771,1.0
