algo,case,topology_mode,outage_k,return_mean,return_std,v_viol_lin_mean,p_loss_mean,n_components_mean
fedgrid_none,141,static,6,-3.2324533875785297,0.04511129273073035,0.0,0.08417847363485756,1.0
fedgrid_topo_proto,141,static,6,-3.2261232919239857,0.045910749988249976,0.0,0.08401362739385379,1.0
fedgrid_none,141,random_reset,6,-3.2548600694997267,0.06249169592228875,0.0,0.08476198097655539,1.0
fedgrid_topo_proto,141,random_reset,6,-3.2469202045487884,0.06409471883025379,0.0,0.0845552136601247,1.0
