algo,case,topology_mode,outage_k,return_mean,return_std,v_viol_lin_mean,p_loss_mean,n_components_mean
fedgrid_none,141,static,6,-3.2323532200682927,0.04306338650828133,0.0,0.08417586510594513,1.0
fedgrid_v4_cluster_gentle,141,static,6,-3.4125188758193277,0.050386935671332164,0.0,0.08886767905779495,1.0
fedgrid_none,141,random_reset,6,-3.2536519918618105,0.060284080619823426,0.0,0.08473052062140132,1.0
fedgrid_v4_cluster_gentle,141,random_reset,6,-3.436145839470714,0.07020603376567038,0.0,0.08948296456954988,1.0
