algo,case,topology_mode,outage_k,return_mean,return_std,v_viol_lin_mean,p_loss_mean,n_components_mean
fedgrid_none,141,static,6,-3.1997456903691104,0.06043025573667118,0.0,0.08332671068669557,1.0
fedgrid_v4_cluster_gentle,141,static,6,-3.2142969843032434,0.04805215717553845,0.0,0.08370565063289695,1.0
fedgrid_none,141,random_reset,6,-3.2196921391875906,0.08107301124409245,0.0,0.08384614945801017,1.0
fedgrid_v4_cluster_gentle,141,random_reset,6,-3.23558453779574,0.06750161370540832,0.0,0.08426001400509739,1.0
