algo,case,topology_mode,outage_k,return_mean,return_std,v_viol_lin_mean,p_loss_mean,n_components_mean
fedgrid_none,141,static,6,-3.296195640990603,0.052214223083764284,0.0,0.08583842815079695,1.0
fedgrid_v4_cluster_dropout,141,static,6,-3.384920305468692,0.05185889045333096,0.0,0.08814896628824716,1.0
fedgrid_none,141,random_reset,6,-3.3175085377856184,0.07275055904141949,0.0,0.0863934515048338,1.0
fedgrid_v4_cluster_dropout,141,random_reset,6,-3.4070131414067246,0.07250231783664839,0.0,0.0887243005574668,1.0
