algo,case,topology_mode,outage_k,return_mean,return_std,v_viol_lin_mean,p_loss_mean,n_components_mean
fedgrid_none,141,static,6,-3.234157783759464,0.0419755625607686,0.0,0.08422285895206938,1.0
fedgrid_topo_proto,141,static,6,-3.026338350991779,0.04236149907846581,0.0,0.07881089455707757,1.0
fedgrid_none,141,random_reset,6,-3.2537329029484012,0.0602389099163077,0.0,0.08473262768094794,1.0
fedgrid_topo_proto,141,random_reset,6,-3.0453643770302317,0.05999186247291872,0.0,0.07930636398516226,1.0
