algo,case,topology_mode,outage_k,return_mean,return_std,v_viol_lin_mean,p_loss_mean,n_components_mean
fedgrid_none,141,static,6,-3.079559452376553,0.05033265968161874,0.0,0.08019686073897274,1.0
fedgrid_v4_cluster_distill,141,static,6,-3.438180120511022,0.04916150356558945,0.0,0.0895359406383079,1.0
fedgrid_none,141,random_reset,6,-3.1033520800145515,0.07143153175793883,0.0,0.08081646041704563,1.0
fedgrid_v4_cluster_distill,141,random_reset,6,-3.4608113016117352,0.06933201498880828,0.0,0.0901252943128056,1.0
