algo,case,topology_mode,outage_k,return_mean,return_std,v_viol_lin_mean,p_loss_mean,n_components_mean
fedgrid_none,141,static,6,-3.313697070966729,0.03946290107612337,0.0,0.08629419455642522,1.0
fedgrid_v4_cluster_distill,141,static,6,-3.2328473869104166,0.05425959379131389,0.0,0.08418873403412543,1.0
fedgrid_none,141,random_reset,6,-3.3307954714462236,0.05555171190143442,0.0,0.08673946540224539,1.0
fedgrid_v4_cluster_distill,141,random_reset,6,-3.255892890639474,0.0755113140776554,0.0,0.08478887736040296,1.0
