algo,case,topology_mode,outage_k,return_mean,return_std,v_viol_lin_mean,p_loss_mean,n_components_mean
fedgrid_none,141,static,6,-3.0141966860298983,0.05333904650889929,0.0,0.07849470536536195,1.0
fedgrid_topo_proto,141,static,6,-3.1757938879184087,0.04547117009931186,0.0,0.08270296583120856,1.0
fedgrid_none,141,random_reset,6,-3.0386429886525477,0.07550382881252952,0.0,0.07913132782949342,1.0
fedgrid_topo_proto,141,random_reset,6,-3.197732873603651,0.06426798043639294,0.0,0.08327429358342839,1.0
