algo,case,topology_mode,outage_k,return_mean,return_std,v_viol_lin_mean,p_loss_mean,n_components_mean
fedgrid_none,141,static,6,-3.153927909096784,0.053322257391589335,0.0,0.08213353929939543,1.0
fedgrid_v4_cluster_distill,141,static,6,-3.4496642379123683,0.05075824524257929,0.0,0.08983500619563459,1.0
fedgrid_none,141,random_reset,6,-3.1751341748960553,0.07574883173071466,0.0,0.08268578580458476,1.0
fedgrid_v4_cluster_distill,141,random_reset,6,-3.472465132832093,0.07152918251032857,0.0,0.09042877950083576,1.0
