algo,case,topology_mode,outage_k,return_mean,return_std,v_viol_lin_mean,p_loss_mean,n_components_mean
fedgrid_none,141,static,6,-3.156962106430779,0.05116157376552616,0.0,0.08221255485496817,1.0
fedgrid_topo_proto,141,static,6,-3.0652149598581726,0.043442449892475546,0.0,0.07982330624630657,1.0
fedgrid_none,141,random_reset,6,-3.1792013609398446,0.0719097931834705,0.0,0.08279170210780842,1.0
fedgrid_topo_proto,141,random_reset,6,-3.08556539733116,0.060880974047501236,0.0,0.08035326555549896,1.0
