algo,case,topology_mode,outage_k,return_mean,return_std,v_viol_lin_mean,p_loss_mean,n_components_mean
fedgrid_none,141,static,6,-3.234157783759464,0.0419755625607686,0.0,0.08422285895206938,1.0
fedgrid_v4_cluster_distill,141,static,6,-3.3336772426311176,0.05042603498841516,0.0,0.08681451152685202,1.0
fedgrid_none,141,random_reset,6,-3.2537329029484012,0.0602389099163077,0.0,0.08473262768094794,1.0
fedgrid_v4_cluster_distill,141,random_reset,6,-3.3572528347411934,0.0711031176195458,0.0,0.08742845923805191,1.0
