algo,case,topology_mode,outage_k,return_mean,return_std,v_viol_lin_mean,p_loss_mean,n_components_mean
fedgrid_none,141,static,6,-3.217539181050691,0.04916843849053438,0.0,0.08379008283986172,1.0
fedgrid_topo_proto,141,static,6,-3.045649072871807,0.05170883035114044,0.0,0.07931377793936997,1.0
fedgrid_none,141,random_reset,6,-3.239994531602074,0.07118744327914812,0.0,0.084374857593804,1.0
fedgrid_topo_proto,141,random_reset,6,-3.0678283158007216,0.07167544580848655,0.0,0.07989136239064379,1.0
